-- phpMyAdmin SQL Dump
-- version 5.2.1
-- https://www.phpmyadmin.net/
--
-- Host: 127.0.0.1
-- Generation Time: Apr 18, 2024 at 01:46 PM
-- Server version: 10.4.32-MariaDB
-- PHP Version: 8.2.12

SET SQL_MODE = "NO_AUTO_VALUE_ON_ZERO";
START TRANSACTION;
SET time_zone = "+00:00";


/*!40101 SET @OLD_CHARACTER_SET_CLIENT=@@CHARACTER_SET_CLIENT */;
/*!40101 SET @OLD_CHARACTER_SET_RESULTS=@@CHARACTER_SET_RESULTS */;
/*!40101 SET @OLD_COLLATION_CONNECTION=@@COLLATION_CONNECTION */;
/*!40101 SET NAMES utf8mb4 */;

--
-- Database: `payroll_db`
--

-- --------------------------------------------------------

--
-- Table structure for table `allowances`
--

CREATE TABLE `allowances` (
  `id` int(30) NOT NULL,
  `allowance` text NOT NULL,
  `description` text NOT NULL
) ENGINE=InnoDB DEFAULT CHARSET=utf8mb4 COLLATE=utf8mb4_general_ci;

--
-- Dumping data for table `allowances`
--

INSERT INTO `allowances` (`id`, `allowance`, `description`) VALUES
(1, 'Internet', 'Internet allowance'),
(2, 'Phone', 'Phone Allowance'),
(3, 'Rice', 'Rice Allowance'),
(4, 'House', 'House Allowance');

-- --------------------------------------------------------

--
-- Table structure for table `attendance`
--

CREATE TABLE `attendance` (
  `id` int(11) NOT NULL,
  `employee_id` int(20) NOT NULL,
  `log_type` tinyint(1) NOT NULL COMMENT '1 = AM IN,2 = AM out, 3= PM IN, 4= PM out\r\n',
  `datetime_log` datetime NOT NULL DEFAULT current_timestamp(),
  `date_updated` datetime NOT NULL DEFAULT current_timestamp() ON UPDATE current_timestamp()
) ENGINE=InnoDB DEFAULT CHARSET=latin1 COLLATE=latin1_swedish_ci;

--
-- Dumping data for table `attendance`
--

INSERT INTO `attendance` (`id`, `employee_id`, `log_type`, `datetime_log`, `date_updated`) VALUES
(18, 11, 3, '2024-04-01 18:00:00', '2024-04-17 17:13:29'),
(19, 10, 1, '2024-04-17 09:00:00', '2024-04-17 18:41:33'),
(20, 10, 4, '2024-04-17 18:00:00', '2024-04-17 18:41:33');

-- --------------------------------------------------------

--
-- Table structure for table `deductions`
--

CREATE TABLE `deductions` (
  `id` int(30) NOT NULL,
  `deduction` text NOT NULL,
  `description` text NOT NULL
) ENGINE=InnoDB DEFAULT CHARSET=utf8mb4 COLLATE=utf8mb4_general_ci;

--
-- Dumping data for table `deductions`
--

INSERT INTO `deductions` (`id`, `deduction`, `description`) VALUES
(1, 'Cash Advance', 'Cash Advance'),
(3, 'Damage', 'Damage Deduction');

-- --------------------------------------------------------

--
-- Table structure for table `department`
--

CREATE TABLE `department` (
  `id` int(30) NOT NULL,
  `name` text NOT NULL
) ENGINE=InnoDB DEFAULT CHARSET=utf8mb4 COLLATE=utf8mb4_general_ci;

--
-- Dumping data for table `department`
--

INSERT INTO `department` (`id`, `name`) VALUES
(1, 'IT Department'),
(2, 'HR Department'),
(3, 'Accounting and Finance Department');

-- --------------------------------------------------------

--
-- Table structure for table `employee`
--

CREATE TABLE `employee` (
  `id` int(20) NOT NULL,
  `employee_no` varchar(100) NOT NULL,
  `firstname` varchar(50) NOT NULL,
  `middlename` varchar(20) NOT NULL,
  `lastname` varchar(50) NOT NULL,
  `department_id` int(30) NOT NULL,
  `position_id` int(30) NOT NULL,
  `salary` double NOT NULL
) ENGINE=InnoDB DEFAULT CHARSET=latin1 COLLATE=latin1_swedish_ci;

--
-- Dumping data for table `employee`
--

INSERT INTO `employee` (`id`, `employee_no`, `firstname`, `middlename`, `lastname`, `department_id`, `position_id`, `salary`) VALUES
(10, '2024-1496', 'Rhiannon', '', 'Krajcik', 3, 4, 40000),
(11, '2024-1733', 'Rithesh', '', 'Nayak', 1, 1, 80000);

-- --------------------------------------------------------

--
-- Table structure for table `employee_allowances`
--

CREATE TABLE `employee_allowances` (
  `id` int(30) NOT NULL,
  `employee_id` int(30) NOT NULL,
  `allowance_id` int(30) NOT NULL,
  `type` tinyint(1) NOT NULL COMMENT '1 = Monthly, 2= Semi-Montly, 3 = once',
  `amount` float NOT NULL,
  `effective_date` date NOT NULL,
  `date_created` datetime NOT NULL DEFAULT current_timestamp()
) ENGINE=InnoDB DEFAULT CHARSET=utf8mb4 COLLATE=utf8mb4_general_ci;

--
-- Dumping data for table `employee_allowances`
--

INSERT INTO `employee_allowances` (`id`, `employee_id`, `allowance_id`, `type`, `amount`, `effective_date`, `date_created`) VALUES
(1, 9, 4, 1, 1000, '0000-00-00', '2020-09-29 11:20:04'),
(3, 9, 3, 2, 300, '0000-00-00', '2020-09-29 11:37:31'),
(5, 9, 1, 3, 1000, '2020-09-16', '2020-09-29 11:38:31'),
(6, 11, 1, 1, 471, '0000-00-00', '2024-04-17 17:16:22'),
(7, 11, 2, 1, 666, '0000-00-00', '2024-04-17 17:16:22'),
(8, 10, 4, 1, 5000, '0000-00-00', '2024-04-17 18:42:36'),
(9, 10, 1, 1, 471, '0000-00-00', '2024-04-17 18:42:36');

-- --------------------------------------------------------

--
-- Table structure for table `employee_deductions`
--

CREATE TABLE `employee_deductions` (
  `id` int(30) NOT NULL,
  `employee_id` int(30) NOT NULL,
  `deduction_id` int(30) NOT NULL,
  `type` tinyint(1) NOT NULL COMMENT '1 = Monthly, 2= Semi-Montly, 3 = once',
  `amount` float NOT NULL,
  `effective_date` date NOT NULL,
  `date_created` datetime NOT NULL DEFAULT current_timestamp()
) ENGINE=InnoDB DEFAULT CHARSET=utf8mb4 COLLATE=utf8mb4_general_ci;

--
-- Dumping data for table `employee_deductions`
--

INSERT INTO `employee_deductions` (`id`, `employee_id`, `deduction_id`, `type`, `amount`, `effective_date`, `date_created`) VALUES
(2, 9, 3, 2, 500, '0000-00-00', '2020-09-29 11:52:46'),
(3, 9, 1, 3, 1500, '2020-09-16', '2020-09-29 11:53:27'),
(5, 10, 3, 2, 899, '0000-00-00', '2024-04-17 18:44:03');

-- --------------------------------------------------------

--
-- Table structure for table `payroll`
--

CREATE TABLE `payroll` (
  `id` int(30) NOT NULL,
  `ref_no` text NOT NULL,
  `date_from` date NOT NULL,
  `date_to` date NOT NULL,
  `type` tinyint(1) NOT NULL COMMENT '1 = monthly ,2 semi-monthly',
  `status` tinyint(1) NOT NULL DEFAULT 0 COMMENT '0 =New,1 = computed',
  `date_created` datetime NOT NULL DEFAULT current_timestamp()
) ENGINE=InnoDB DEFAULT CHARSET=utf8mb4 COLLATE=utf8mb4_general_ci;

--
-- Dumping data for table `payroll`
--

INSERT INTO `payroll` (`id`, `ref_no`, `date_from`, `date_to`, `type`, `status`, `date_created`) VALUES
(2, '2024-9088', '2024-04-01', '2024-04-30', 1, 1, '2024-04-17 17:12:10');

-- --------------------------------------------------------

--
-- Table structure for table `payroll_items`
--

CREATE TABLE `payroll_items` (
  `id` int(30) NOT NULL,
  `payroll_id` int(30) NOT NULL,
  `employee_id` int(30) NOT NULL,
  `present` int(30) NOT NULL,
  `absent` int(10) NOT NULL,
  `late` text NOT NULL,
  `salary` double NOT NULL,
  `allowance_amount` double NOT NULL,
  `allowances` text NOT NULL,
  `deduction_amount` double NOT NULL,
  `deductions` text NOT NULL,
  `net` int(11) NOT NULL,
  `date_created` datetime NOT NULL DEFAULT current_timestamp()
) ENGINE=InnoDB DEFAULT CHARSET=utf8mb4 COLLATE=utf8mb4_general_ci;

--
-- Dumping data for table `payroll_items`
--

INSERT INTO `payroll_items` (`id`, `payroll_id`, `employee_id`, `present`, `absent`, `late`, `salary`, `allowance_amount`, `allowances`, `deduction_amount`, `deductions`, `net`, `date_created`) VALUES
(10, 1, 9, 1, 10, '0', 30000, 1300, '[{\"aid\":\"3\",\"amount\":\"300\"},{\"aid\":\"1\",\"amount\":\"1000\"}]', 2000, '[{\"did\":\"3\",\"amount\":\"500\"},{\"did\":\"1\",\"amount\":\"1500\"}]', 664, '2020-09-29 18:46:59'),
(16, 2, 10, 0, 22, '0', 40000, 5471, '[{\"aid\":\"4\",\"amount\":\"5000\"},{\"aid\":\"1\",\"amount\":\"471\"}]', 0, '[]', 5471, '2024-04-17 18:44:12'),
(17, 2, 11, 0, 22, '0', 80000, 1137, '[{\"aid\":\"1\",\"amount\":\"471\"},{\"aid\":\"2\",\"amount\":\"666\"}]', 0, '[]', 1137, '2024-04-17 18:44:12'),
(18, 3, 10, 0, 11, '0', 40000, 0, '[]', 899, '[{\"did\":\"3\",\"amount\":\"899\"}]', -899, '2024-04-17 18:44:41'),
(19, 3, 11, 0, 11, '0', 80000, 0, '[]', 0, '[]', 0, '2024-04-17 18:44:50');

-- --------------------------------------------------------

--
-- Table structure for table `position`
--

CREATE TABLE `position` (
  `id` int(30) NOT NULL,
  `department_id` int(30) NOT NULL,
  `name` text NOT NULL
) ENGINE=InnoDB DEFAULT CHARSET=utf8mb4 COLLATE=utf8mb4_general_ci;

--
-- Dumping data for table `position`
--

INSERT INTO `position` (`id`, `department_id`, `name`) VALUES
(1, 1, 'Programmer'),
(2, 2, 'HR Supervisor'),
(4, 3, 'Accounting Clerk');

-- --------------------------------------------------------

--
-- Table structure for table `users`
--

CREATE TABLE `users` (
  `id` int(30) NOT NULL,
  `doctor_id` int(30) NOT NULL,
  `name` varchar(200) NOT NULL,
  `address` text NOT NULL,
  `contact` text NOT NULL,
  `username` varchar(100) NOT NULL,
  `password` varchar(200) NOT NULL,
  `type` tinyint(1) NOT NULL DEFAULT 2 COMMENT '1=admin , 2 = staff'
) ENGINE=InnoDB DEFAULT CHARSET=utf8mb4 COLLATE=utf8mb4_general_ci;

--
-- Dumping data for table `users`
--

INSERT INTO `users` (`id`, `doctor_id`, `name`, `address`, `contact`, `username`, `password`, `type`) VALUES
(1, 0, 'Administrator', '', '', 'admin', 'admin123', 1),
(2, 0, 'staff1', '', '', 'staff1', 'staff1', 2);

--
-- Indexes for dumped tables
--

--
-- Indexes for table `allowances`
--
ALTER TABLE `allowances`
  ADD PRIMARY KEY (`id`);

--
-- Indexes for table `attendance`
--
ALTER TABLE `attendance`
  ADD PRIMARY KEY (`id`);

--
-- Indexes for table `deductions`
--
ALTER TABLE `deductions`
  ADD PRIMARY KEY (`id`);

--
-- Indexes for table `department`
--
ALTER TABLE `department`
  ADD PRIMARY KEY (`id`);

--
-- Indexes for table `employee`
--
ALTER TABLE `employee`
  ADD PRIMARY KEY (`id`);

--
-- Indexes for table `employee_allowances`
--
ALTER TABLE `employee_allowances`
  ADD PRIMARY KEY (`id`);

--
-- Indexes for table `employee_deductions`
--
ALTER TABLE `employee_deductions`
  ADD PRIMARY KEY (`id`);

--
-- Indexes for table `payroll`
--
ALTER TABLE `payroll`
  ADD PRIMARY KEY (`id`);

--
-- Indexes for table `payroll_items`
--
ALTER TABLE `payroll_items`
  ADD PRIMARY KEY (`id`);

--
-- Indexes for table `position`
--
ALTER TABLE `position`
  ADD PRIMARY KEY (`id`);

--
-- Indexes for table `users`
--
ALTER TABLE `users`
  ADD PRIMARY KEY (`id`);

--
-- AUTO_INCREMENT for dumped tables
--

--
-- AUTO_INCREMENT for table `allowances`
--
ALTER TABLE `allowances`
  MODIFY `id` int(30) NOT NULL AUTO_INCREMENT, AUTO_INCREMENT=5;

--
-- AUTO_INCREMENT for table `attendance`
--
ALTER TABLE `attendance`
  MODIFY `id` int(11) NOT NULL AUTO_INCREMENT, AUTO_INCREMENT=21;

--
-- AUTO_INCREMENT for table `deductions`
--
ALTER TABLE `deductions`
  MODIFY `id` int(30) NOT NULL AUTO_INCREMENT, AUTO_INCREMENT=4;

--
-- AUTO_INCREMENT for table `department`
--
ALTER TABLE `department`
  MODIFY `id` int(30) NOT NULL AUTO_INCREMENT, AUTO_INCREMENT=4;

--
-- AUTO_INCREMENT for table `employee`
--
ALTER TABLE `employee`
  MODIFY `id` int(20) NOT NULL AUTO_INCREMENT, AUTO_INCREMENT=12;

--
-- AUTO_INCREMENT for table `employee_allowances`
--
ALTER TABLE `employee_allowances`
  MODIFY `id` int(30) NOT NULL AUTO_INCREMENT, AUTO_INCREMENT=10;

--
-- AUTO_INCREMENT for table `employee_deductions`
--
ALTER TABLE `employee_deductions`
  MODIFY `id` int(30) NOT NULL AUTO_INCREMENT, AUTO_INCREMENT=6;

--
-- AUTO_INCREMENT for table `payroll`
--
ALTER TABLE `payroll`
  MODIFY `id` int(30) NOT NULL AUTO_INCREMENT, AUTO_INCREMENT=4;

--
-- AUTO_INCREMENT for table `payroll_items`
--
ALTER TABLE `payroll_items`
  MODIFY `id` int(30) NOT NULL AUTO_INCREMENT, AUTO_INCREMENT=20;

--
-- AUTO_INCREMENT for table `position`
--
ALTER TABLE `position`
  MODIFY `id` int(30) NOT NULL AUTO_INCREMENT, AUTO_INCREMENT=6;

--
-- AUTO_INCREMENT for table `users`
--
ALTER TABLE `users`
  MODIFY `id` int(30) NOT NULL AUTO_INCREMENT, AUTO_INCREMENT=3;
COMMIT;

/*!40101 SET CHARACTER_SET_CLIENT=@OLD_CHARACTER_SET_CLIENT */;
/*!40101 SET CHARACTER_SET_RESULTS=@OLD_CHARACTER_SET_RESULTS */;
/*!40101 SET COLLATION_CONNECTION=@OLD_COLLATION_CONNECTION */;
